{"cameraMode":{"drawMode":0,"name":"Shaded","section":"Shading Mode"},"sceneLighting":true,"audioPlay":false,"sceneViewState":{"m_AlwaysRefresh":false,"showFog":true,"showSkybox":true,"showFlares":true,"showImageEffects":true,"showParticleSystems":true,"showVisualEffectGraphs":true,"m_FxEnabled":true},"in2DMode":false,"pivot":{"x":10.216206550598145,"y":-170.6566925048828,"z":179.4873809814453},"rotation":{"x":0.3663831353187561,"y":0.02133096568286419,"z":-0.008927557617425919,"w":0.9299809336662293},"size":133.12652587890626,"orthographic":false}