{"cameraMode":{"drawMode":0,"name":"Shaded","section":"Shading Mode"},"sceneLighting":true,"audioPlay":false,"sceneViewState":{"m_AlwaysRefresh":false,"showFog":true,"showSkybox":true,"showFlares":true,"showImageEffects":true,"showParticleSystems":true,"showVisualEffectGraphs":true,"m_FxEnabled":true},"in2DMode":false,"pivot":{"x":-0.06320500373840332,"y":-100.62448120117188,"z":62.23225021362305},"rotation":{"x":-0.4739002585411072,"y":-0.0035984518472105266,"z":0.0022066375240683557,"w":-0.880385160446167},"size":66.24742889404297,"orthographic":false}