{"cameraMode":{"drawMode":0,"name":"Shaded","section":"Shading Mode"},"sceneLighting":false,"audioPlay":false,"sceneViewState":{"m_AlwaysRefresh":false,"showFog":true,"showSkybox":false,"showFlares":true,"showImageEffects":true,"showParticleSystems":true,"showVisualEffectGraphs":true,"m_FxEnabled":true},"in2DMode":false,"pivot":{"x":0.6803717613220215,"y":3.463693618774414,"z":-15.004822731018067},"rotation":{"x":-0.16287384927272798,"y":-0.04137452319264412,"z":0.007304640952497721,"w":-0.985522985458374},"size":0.7088723182678223,"orthographic":false}